<?xml version="1.0" encoding="UTF-8"?>
<project-private xmlns="http://www.netbeans.org/ns/project-private/1">
    <editor-bookmarks xmlns="http://www.netbeans.org/ns/editor-bookmarks/2" lastBookmarkId="0"/>
    <open-files xmlns="http://www.netbeans.org/ns/projectui-open-files/2">
        <group>
            <file>file:/J:/TechnoLogix/Projects/Assignment/NetBeansProjects%20ok/JavaApplication1/Christmas.txt</file>
            <file>file:/J:/TechnoLogix/Projects/Assignment/NetBeansProjects%20ok/JavaApplication1/Deliveries.txt</file>
            <file>file:/J:/TechnoLogix/Projects/Assignment/NetBeansProjects%20ok/JavaApplication1/Presents_F.txt</file>
            <file>file:/J:/TechnoLogix/Projects/Assignment/NetBeansProjects%20ok/JavaApplication1/src/Santa_Secret_Gift/MainFunction.java</file>
            <file>file:/J:/TechnoLogix/Projects/Assignment/NetBeansProjects%20ok/JavaApplication1/Presents_M.txt</file>
        </group>
    </open-files>
</project-private>
